page_size,version,request_number,sql_statements,latency_ms
10,naive,1,11,681.7101
10,naive,2,11,106.7599
10,naive,3,11,143.1618
10,naive,4,11,56.0039
10,naive,5,11,65.1155
10,naive,6,11,50.8527
10,naive,7,11,53.7484
10,naive,8,11,49.6549
10,naive,9,11,72.7568
10,naive,10,11,74.4124
10,naive,11,11,72.9367
10,naive,12,11,54.573
10,naive,13,11,62.3187
10,naive,14,11,102.0658
10,naive,15,11,92.4562
10,naive,16,11,90.8471
10,naive,17,11,57.0503
10,naive,18,11,107.2484
10,naive,19,11,89.9425
10,naive,20,11,75.7926
10,naive,21,11,54.3725
10,naive,22,11,92.0042
10,naive,23,11,77.9678
10,naive,24,11,95.7025
10,naive,25,11,107.7399
10,naive,26,11,93.1058
10,naive,27,11,47.3603
10,naive,28,11,46.3089
10,naive,29,11,37.095
10,naive,30,11,32.6624
10,fixed,1,1,223.655
10,fixed,2,1,15.661
10,fixed,3,1,17.2947
10,fixed,4,1,13.5793
10,fixed,5,1,13.0387
10,fixed,6,1,14.0246
10,fixed,7,1,13.2415
10,fixed,8,1,14.4228
10,fixed,9,1,14.8262
10,fixed,10,1,14.8317
10,fixed,11,1,12.2404
10,fixed,12,1,12.2403
10,fixed,13,1,17.6041
10,fixed,14,1,12.2464
10,fixed,15,1,12.4663
10,fixed,16,1,9.9874
10,fixed,17,1,12.8273
10,fixed,18,1,12.082
10,fixed,19,1,10.5844
10,fixed,20,1,19.9925
10,fixed,21,1,15.772
10,fixed,22,1,18.3187
10,fixed,23,1,15.7277
10,fixed,24,1,15.5294
10,fixed,25,1,18.5986
10,fixed,26,1,15.5671
10,fixed,27,1,14.1581
10,fixed,28,1,17.4954
10,fixed,29,1,19.8283
10,fixed,30,1,29.0745
50,naive,1,51,152.447
50,naive,2,51,163.9108
50,naive,3,51,128.364
50,naive,4,51,127.1041
50,naive,5,51,140.9637
50,naive,6,51,140.5769
50,naive,7,51,154.3761
50,naive,8,51,116.1711
50,naive,9,51,144.1308
50,naive,10,51,119.3161
50,naive,11,51,126.3828
50,naive,12,51,125.4725
50,naive,13,51,148.3328
50,naive,14,51,117.5078
50,naive,15,51,116.021
50,naive,16,51,122.5008
50,naive,17,51,128.6075
50,naive,18,51,141.578
50,naive,19,51,131.9647
50,naive,20,51,138.4479
50,naive,21,51,132.7369
50,naive,22,51,139.2293
50,naive,23,51,125.7825
50,naive,24,51,124.0111
50,naive,25,51,121.4938
50,naive,26,51,133.6878
50,naive,27,51,126.9048
50,naive,28,51,123.5152
50,naive,29,51,132.6459
50,naive,30,51,120.4092
50,fixed,1,1,26.6417
50,fixed,2,1,23.9962
50,fixed,3,1,29.1452
50,fixed,4,1,65.5281
50,fixed,5,1,197.7669
50,fixed,6,1,66.5899
50,fixed,7,1,78.7447
50,fixed,8,1,23.2183
50,fixed,9,1,23.7752
50,fixed,10,1,37.0867
50,fixed,11,1,24.3769
50,fixed,12,1,27.9863
50,fixed,13,1,21.5994
50,fixed,14,1,22.9893
50,fixed,15,1,27.4284
50,fixed,16,1,86.915
50,fixed,17,1,24.1332
50,fixed,18,1,30.6056
50,fixed,19,1,29.6929
50,fixed,20,1,20.2958
50,fixed,21,1,22.5338
50,fixed,22,1,21.3714
50,fixed,23,1,25.8325
50,fixed,24,1,21.7666
50,fixed,25,1,25.9771
50,fixed,26,1,28.6721
50,fixed,27,1,35.0613
50,fixed,28,1,25.2066
50,fixed,29,1,48.1162
50,fixed,30,1,28.5075
200,naive,1,201,458.7993
200,naive,2,201,454.4212
200,naive,3,201,469.6157
200,naive,4,201,479.5076
200,naive,5,201,459.8555
200,naive,6,201,440.6282
200,naive,7,201,450.0532
200,naive,8,201,471.4155
200,naive,9,201,484.3012
200,naive,10,201,451.2471
200,naive,11,201,444.5295
200,naive,12,201,483.3338
200,naive,13,201,464.4105
200,naive,14,201,426.1509
200,naive,15,201,414.0944
200,naive,16,201,430.291
200,naive,17,201,464.8548
200,naive,18,201,417.5255
200,naive,19,201,448.7174
200,naive,20,201,432.2718
200,naive,21,201,435.3501
200,naive,22,201,410.3419
200,naive,23,201,380.6108
200,naive,24,201,398.039
200,naive,25,201,304.7418
200,naive,26,201,524.333
200,naive,27,201,425.8835
200,naive,28,201,537.4226
200,naive,29,201,451.8936
200,naive,30,201,393.0632
200,fixed,1,1,42.1996
200,fixed,2,1,46.7381
200,fixed,3,1,45.9944
200,fixed,4,1,47.6214
200,fixed,5,1,48.8363
200,fixed,6,1,32.401
200,fixed,7,1,35.035
200,fixed,8,1,33.7516
200,fixed,9,1,82.1365
200,fixed,10,1,44.7553
200,fixed,11,1,48.6176
200,fixed,12,1,46.9028
200,fixed,13,1,50.7855
200,fixed,14,1,47.6765
200,fixed,15,1,43.3503
200,fixed,16,1,40.6025
200,fixed,17,1,46.5099
200,fixed,18,1,46.2838
200,fixed,19,1,38.0326
200,fixed,20,1,37.3477
200,fixed,21,1,48.0379
200,fixed,22,1,49.5597
200,fixed,23,1,48.2587
200,fixed,24,1,39.1457
200,fixed,25,1,35.2344
200,fixed,26,1,43.8684
200,fixed,27,1,36.3777
200,fixed,28,1,43.9528
200,fixed,29,1,44.8073
200,fixed,30,1,93.5092
