call_id,timestamp_utc,failure_rate,attempts,injected_failures,injection_draws,success,latency_ms,result,error
00-001,2026-10-05T09:00:59.207862+00:00,0.0,1,0,[0.13535756],True,9.9311,"{""status"": ""ok""}",
00-002,2026-10-05T09:00:59.219863+00:00,0.0,1,0,[0.01822643],True,1.5361,"{""status"": ""ok""}",
00-003,2026-10-05T09:00:59.221864+00:00,0.0,1,0,[0.80989321],True,2.6524,"{""status"": ""ok""}",
00-004,2026-10-05T09:00:59.239381+00:00,0.0,1,0,[0.51360759],True,15.9864,"{""status"": ""ok""}",
00-005,2026-10-05T09:00:59.256378+00:00,0.0,1,0,[0.26255857],True,1.5181,"{""status"": ""ok""}",
00-006,2026-10-05T09:00:59.258378+00:00,0.0,1,0,[0.7928491],True,5.9007,"{""status"": ""ok""}",
00-007,2026-10-05T09:00:59.265944+00:00,0.0,1,0,[0.52681511],True,2.697,"{""status"": ""ok""}",
00-008,2026-10-05T09:00:59.268907+00:00,0.0,1,0,[0.00120139],True,1.2984,"{""status"": ""ok""}",
00-009,2026-10-05T09:00:59.270417+00:00,0.0,1,0,[0.11673824],True,1.9118,"{""status"": ""ok""}",
00-010,2026-10-05T09:00:59.272428+00:00,0.0,1,0,[0.42893709],True,1.4701,"{""status"": ""ok""}",
00-011,2026-10-05T09:00:59.273938+00:00,0.0,1,0,[0.99603925],True,4.5414,"{""status"": ""ok""}",
00-012,2026-10-05T09:00:59.277951+00:00,0.0,1,0,[0.7619284],True,1.5048,"{""status"": ""ok""}",
00-013,2026-10-05T09:00:59.279982+00:00,0.0,1,0,[0.8325659],True,3.1056,"{""status"": ""ok""}",
00-014,2026-10-05T09:00:59.283950+00:00,0.0,1,0,[0.20498237],True,2.1348,"{""status"": ""ok""}",
00-015,2026-10-05T09:00:59.285948+00:00,0.0,1,0,[0.44165315],True,1.7657,"{""status"": ""ok""}",
00-016,2026-10-05T09:00:59.287948+00:00,0.0,1,0,[0.80084202],True,1.3259,"{""status"": ""ok""}",
00-017,2026-10-05T09:00:59.289461+00:00,0.0,1,0,[0.67331091],True,1.9685,"{""status"": ""ok""}",
00-018,2026-10-05T09:00:59.291476+00:00,0.0,1,0,[0.95375137],True,10.9964,"{""status"": ""ok""}",
00-019,2026-10-05T09:00:59.301997+00:00,0.0,1,0,[0.07565655],True,1.2189,"{""status"": ""ok""}",
00-020,2026-10-05T09:00:59.303998+00:00,0.0,1,0,[0.5432618],True,1.4655,"{""status"": ""ok""}",
00-021,2026-10-05T09:00:59.305509+00:00,0.0,1,0,[0.58230613],True,2.0193,"{""status"": ""ok""}",
00-022,2026-10-05T09:00:59.307521+00:00,0.0,1,0,[0.37002585],True,9.5834,"{""status"": ""ok""}",
00-023,2026-10-05T09:00:59.317049+00:00,0.0,1,0,[0.28228312],True,5.0861,"{""status"": ""ok""}",
00-024,2026-10-05T09:00:59.322040+00:00,0.0,1,0,[0.12099278],True,1.6673,"{""status"": ""ok""}",
00-025,2026-10-05T09:00:59.324041+00:00,0.0,1,0,[0.70253857],True,7.6681,"{""status"": ""ok""}",
00-026,2026-10-05T09:00:59.331599+00:00,0.0,1,0,[0.09643908],True,2.3245,"{""status"": ""ok""}",
00-027,2026-10-05T09:00:59.333572+00:00,0.0,1,0,[0.73143511],True,2.3605,"{""status"": ""ok""}",
00-028,2026-10-05T09:00:59.336570+00:00,0.0,1,0,[0.95538971],True,1.2259,"{""status"": ""ok""}",
00-029,2026-10-05T09:00:59.338080+00:00,0.0,1,0,[0.03994691],True,2.0027,"{""status"": ""ok""}",
00-030,2026-10-05T09:00:59.340090+00:00,0.0,1,0,[0.45157614],True,1.4405,"{""status"": ""ok""}",
00-031,2026-10-05T09:00:59.341598+00:00,0.0,1,0,[0.81799993],True,8.169,"{""status"": ""ok""}",
00-032,2026-10-05T09:00:59.349633+00:00,0.0,1,0,[0.08787481],True,1.3813,"{""status"": ""ok""}",
00-033,2026-10-05T09:00:59.351610+00:00,0.0,1,0,[0.27307331],True,1.4252,"{""status"": ""ok""}",
00-034,2026-10-05T09:00:59.353120+00:00,0.0,1,0,[0.96297064],True,2.0784,"{""status"": ""ok""}",
00-035,2026-10-05T09:00:59.355131+00:00,0.0,1,0,[0.49499486],True,1.1106,"{""status"": ""ok""}",
00-036,2026-10-05T09:00:59.356650+00:00,0.0,1,0,[0.66698674],True,7.1094,"{""status"": ""ok""}",
00-037,2026-10-05T09:00:59.363664+00:00,0.0,1,0,[0.83632153],True,1.7602,"{""status"": ""ok""}",
00-038,2026-10-05T09:00:59.365690+00:00,0.0,1,0,[0.52876017],True,1.2622,"{""status"": ""ok""}",
00-039,2026-10-05T09:00:59.367212+00:00,0.0,1,0,[0.62513635],True,2.4929,"{""status"": ""ok""}",
00-040,2026-10-05T09:00:59.369261+00:00,0.0,1,0,[0.81489193],True,1.8901,"{""status"": ""ok""}",
00-041,2026-10-05T09:00:59.371228+00:00,0.0,1,0,[0.03635714],True,1.4744,"{""status"": ""ok""}",
00-042,2026-10-05T09:00:59.373228+00:00,0.0,1,0,[0.40820091],True,1.4795,"{""status"": ""ok""}",
00-043,2026-10-05T09:00:59.374762+00:00,0.0,1,0,[0.64241142],True,7.2299,"{""status"": ""ok""}",
00-044,2026-10-05T09:00:59.381804+00:00,0.0,1,0,[0.67217349],True,1.4024,"{""status"": ""ok""}",
00-045,2026-10-05T09:00:59.383773+00:00,0.0,1,0,[0.740531],True,1.4943,"{""status"": ""ok""}",
00-046,2026-10-05T09:00:59.385285+00:00,0.0,1,0,[0.41284405],True,1.9612,"{""status"": ""ok""}",
00-047,2026-10-05T09:00:59.387298+00:00,0.0,1,0,[0.00248012],True,1.468,"{""status"": ""ok""}",
00-048,2026-10-05T09:00:59.388805+00:00,0.0,1,0,[0.7743859],True,2.3526,"{""status"": ""ok""}",
00-049,2026-10-05T09:00:59.390817+00:00,0.0,1,0,[0.63459311],True,7.4577,"{""status"": ""ok""}",
00-050,2026-10-05T09:00:59.398855+00:00,0.0,1,0,[0.35751114],True,1.9029,"{""status"": ""ok""}",
20-001,2026-10-05T09:00:59.400818+00:00,0.2,3,2,"[0.13535756, 0.01822643, 0.80989321]",True,36.5431,"{""status"": ""ok""}",
20-002,2026-10-05T09:00:59.437467+00:00,0.2,1,0,[0.51360759],True,1.9412,"{""status"": ""ok""}",
20-003,2026-10-05T09:00:59.439479+00:00,0.2,1,0,[0.26255857],True,1.291,"{""status"": ""ok""}",
20-004,2026-10-05T09:00:59.440989+00:00,0.2,1,0,[0.7928491],True,5.7411,"{""status"": ""ok""}",
20-005,2026-10-05T09:00:59.446005+00:00,0.2,1,0,[0.52681511],True,2.2222,"{""status"": ""ok""}",
20-006,2026-10-05T09:00:59.449026+00:00,0.2,3,2,"[0.00120139, 0.11673824, 0.42893709]",True,38.8614,"{""status"": ""ok""}",
20-007,2026-10-05T09:00:59.488039+00:00,0.2,1,0,[0.99603925],True,1.9731,"{""status"": ""ok""}",
20-008,2026-10-05T09:00:59.490049+00:00,0.2,1,0,[0.7619284],True,1.4192,"{""status"": ""ok""}",
20-009,2026-10-05T09:00:59.491562+00:00,0.2,1,0,[0.8325659],True,7.0354,"{""status"": ""ok""}",
20-010,2026-10-05T09:00:59.498590+00:00,0.2,1,0,[0.20498237],True,1.9245,"{""status"": ""ok""}",
20-011,2026-10-05T09:00:59.500591+00:00,0.2,1,0,[0.44165315],True,1.4937,"{""status"": ""ok""}",
20-012,2026-10-05T09:00:59.502136+00:00,0.2,1,0,[0.80084202],True,2.3738,"{""status"": ""ok""}",
20-013,2026-10-05T09:00:59.504153+00:00,0.2,1,0,[0.67331091],True,1.5002,"{""status"": ""ok""}",
20-014,2026-10-05T09:00:59.506150+00:00,0.2,1,0,[0.95375137],True,1.4798,"{""status"": ""ok""}",
20-015,2026-10-05T09:00:59.507672+00:00,0.2,2,1,"[0.07565655, 0.5432618]",True,24.2089,"{""status"": ""ok""}",
20-016,2026-10-05T09:00:59.531713+00:00,0.2,1,0,[0.58230613],True,1.2922,"{""status"": ""ok""}",
20-017,2026-10-05T09:00:59.533263+00:00,0.2,1,0,[0.37002585],True,1.8587,"{""status"": ""ok""}",
20-018,2026-10-05T09:00:59.535273+00:00,0.2,1,0,[0.28228312],True,1.4732,"{""status"": ""ok""}",
20-019,2026-10-05T09:00:59.536789+00:00,0.2,2,1,"[0.12099278, 0.70253857]",True,14.5001,"{""status"": ""ok""}",
20-020,2026-10-05T09:00:59.551311+00:00,0.2,2,1,"[0.09643908, 0.73143511]",True,15.9872,"{""status"": ""ok""}",
20-021,2026-10-05T09:00:59.567326+00:00,0.2,1,0,[0.95538971],True,1.4422,"{""status"": ""ok""}",
20-022,2026-10-05T09:00:59.568838+00:00,0.2,2,1,"[0.03994691, 0.45157614]",True,14.5731,"{""status"": ""ok""}",
20-023,2026-10-05T09:00:59.583427+00:00,0.2,1,0,[0.81799993],True,1.9401,"{""status"": ""ok""}",
20-024,2026-10-05T09:00:59.585448+00:00,0.2,2,1,"[0.08787481, 0.27307331]",True,15.4899,"{""status"": ""ok""}",
20-025,2026-10-05T09:00:59.600974+00:00,0.2,1,0,[0.96297064],True,1.4656,"{""status"": ""ok""}",
20-026,2026-10-05T09:00:59.602487+00:00,0.2,1,0,[0.49499486],True,1.9902,"{""status"": ""ok""}",
20-027,2026-10-05T09:00:59.604501+00:00,0.2,1,0,[0.66698674],True,1.4712,"{""status"": ""ok""}",
20-028,2026-10-05T09:00:59.606014+00:00,0.2,1,0,[0.83632153],True,2.0089,"{""status"": ""ok""}",
20-029,2026-10-05T09:00:59.608027+00:00,0.2,1,0,[0.52876017],True,9.3623,"{""status"": ""ok""}",
20-030,2026-10-05T09:00:59.617562+00:00,0.2,1,0,[0.62513635],True,2.0466,"{""status"": ""ok""}",
20-031,2026-10-05T09:00:59.619558+00:00,0.2,1,0,[0.81489193],True,1.4716,"{""status"": ""ok""}",
20-032,2026-10-05T09:00:59.621076+00:00,0.2,2,1,"[0.03635714, 0.40820091]",True,14.5288,"{""status"": ""ok""}",
20-033,2026-10-05T09:00:59.635645+00:00,0.2,1,0,[0.64241142],True,2.3709,"{""status"": ""ok""}",
20-034,2026-10-05T09:00:59.637657+00:00,0.2,1,0,[0.67217349],True,1.5563,"{""status"": ""ok""}",
20-035,2026-10-05T09:00:59.639658+00:00,0.2,1,0,[0.740531],True,1.476,"{""status"": ""ok""}",
20-036,2026-10-05T09:00:59.641173+00:00,0.2,1,0,[0.41284405],True,9.5529,"{""status"": ""ok""}",
20-037,2026-10-05T09:00:59.650190+00:00,0.2,2,1,"[0.00248012, 0.7743859]",True,18.384,"{""status"": ""ok""}",
20-038,2026-10-05T09:00:59.669184+00:00,0.2,1,0,[0.63459311],True,2.8137,"{""status"": ""ok""}",
20-039,2026-10-05T09:00:59.671730+00:00,0.2,1,0,[0.35751114],True,1.6518,"{""status"": ""ok""}",
20-040,2026-10-05T09:00:59.673727+00:00,0.2,1,0,[0.27162379],True,3.5751,"{""status"": ""ok""}",
20-041,2026-10-05T09:00:59.677260+00:00,0.2,1,0,[0.52209687],True,4.0034,"{""status"": ""ok""}",
20-042,2026-10-05T09:00:59.681287+00:00,0.2,2,1,"[0.16153357, 0.37778455]",True,70.9152,"{""status"": ""ok""}",
20-043,2026-10-05T09:00:59.752258+00:00,0.2,1,0,[0.60627848],True,18.4905,"{""status"": ""ok""}",
20-044,2026-10-05T09:00:59.770256+00:00,0.2,3,2,"[0.12902611, 0.17063622, 0.95792023]",True,116.0853,"{""status"": ""ok""}",
20-045,2026-10-05T09:00:59.887258+00:00,0.2,1,0,[0.9566256],True,12.2287,"{""status"": ""ok""}",
20-046,2026-10-05T09:00:59.899271+00:00,0.2,2,1,"[0.1353607, 0.55262424]",True,19.2967,"{""status"": ""ok""}",
20-047,2026-10-05T09:00:59.919253+00:00,0.2,1,0,[0.594059],True,2.4658,"{""status"": ""ok""}",
20-048,2026-10-05T09:00:59.921787+00:00,0.2,1,0,[0.74381823],True,11.8766,"{""status"": ""ok""}",
20-049,2026-10-05T09:00:59.933786+00:00,0.2,1,0,[0.57438386],True,1.7173,"{""status"": ""ok""}",
20-050,2026-10-05T09:00:59.935779+00:00,0.2,2,1,"[0.19115038, 0.75049746]",True,17.1607,"{""status"": ""ok""}",
50-001,2026-10-05T09:00:59.953306+00:00,0.5,3,2,"[0.13535756, 0.01822643, 0.80989321]",True,70.1575,"{""status"": ""ok""}",
50-002,2026-10-05T09:01:00.022857+00:00,0.5,1,0,[0.51360759],True,31.6217,"{""status"": ""ok""}",
50-003,2026-10-05T09:01:00.054857+00:00,0.5,2,1,"[0.26255857, 0.7928491]",True,50.9425,"{""status"": ""ok""}",
50-004,2026-10-05T09:01:00.105853+00:00,0.5,1,0,[0.52681511],True,11.5722,"{""status"": ""ok""}",
50-005,2026-10-05T09:01:00.117856+00:00,0.5,3,3,"[0.00120139, 0.11673824, 0.42893709]",False,55.3946,null,transient fault injected
50-006,2026-10-05T09:01:00.173368+00:00,0.5,1,0,[0.99603925],True,1.9689,"{""status"": ""ok""}",
50-007,2026-10-05T09:01:00.180426+00:00,0.5,1,0,[0.7619284],True,3.7019,"{""status"": ""ok""}",
50-008,2026-10-05T09:01:00.184396+00:00,0.5,1,0,[0.8325659],True,1.6179,"{""status"": ""ok""}",
50-009,2026-10-05T09:01:00.186392+00:00,0.5,3,2,"[0.20498237, 0.44165315, 0.80084202]",True,97.0838,"{""status"": ""ok""}",
50-010,2026-10-05T09:01:00.282950+00:00,0.5,1,0,[0.67331091],True,18.0538,"{""status"": ""ok""}",
50-011,2026-10-05T09:01:00.301918+00:00,0.5,1,0,[0.95375137],True,22.18,"{""status"": ""ok""}",
50-012,2026-10-05T09:01:00.323906+00:00,0.5,2,1,"[0.07565655, 0.5432618]",True,46.8661,"{""status"": ""ok""}",
50-013,2026-10-05T09:01:00.370903+00:00,0.5,1,0,[0.58230613],True,9.4637,"{""status"": ""ok""}",
50-014,2026-10-05T09:01:00.379905+00:00,0.5,3,3,"[0.37002585, 0.28228312, 0.12099278]",False,75.2835,null,transient fault injected
50-015,2026-10-05T09:01:00.455904+00:00,0.5,1,0,[0.70253857],True,1.4745,"{""status"": ""ok""}",
50-016,2026-10-05T09:01:00.457449+00:00,0.5,2,1,"[0.09643908, 0.73143511]",True,80.1105,"{""status"": ""ok""}",
50-017,2026-10-05T09:01:00.537462+00:00,0.5,1,0,[0.95538971],True,53.4685,"{""status"": ""ok""}",
50-018,2026-10-05T09:01:00.590467+00:00,0.5,3,2,"[0.03994691, 0.45157614, 0.81799993]",True,180.6751,"{""status"": ""ok""}",
50-019,2026-10-05T09:01:00.771465+00:00,0.5,3,2,"[0.08787481, 0.27307331, 0.96297064]",True,98.5928,"{""status"": ""ok""}",
50-020,2026-10-05T09:01:00.870467+00:00,0.5,2,1,"[0.49499486, 0.66698674]",True,17.3687,"{""status"": ""ok""}",
50-021,2026-10-05T09:01:00.887461+00:00,0.5,1,0,[0.83632153],True,2.0152,"{""status"": ""ok""}",
50-022,2026-10-05T09:01:00.889463+00:00,0.5,1,0,[0.52876017],True,8.4371,"{""status"": ""ok""}",
50-023,2026-10-05T09:01:00.898515+00:00,0.5,1,0,[0.62513635],True,2.5558,"{""status"": ""ok""}",
50-024,2026-10-05T09:01:00.901466+00:00,0.5,1,0,[0.81489193],True,2.7502,"{""status"": ""ok""}",
50-025,2026-10-05T09:01:00.903464+00:00,0.5,3,2,"[0.03635714, 0.40820091, 0.64241142]",True,48.4855,"{""status"": ""ok""}",
50-026,2026-10-05T09:01:00.952002+00:00,0.5,1,0,[0.67217349],True,1.7549,"{""status"": ""ok""}",
50-027,2026-10-05T09:01:00.953999+00:00,0.5,1,0,[0.740531],True,1.412,"{""status"": ""ok""}",
50-028,2026-10-05T09:01:00.955998+00:00,0.5,3,2,"[0.41284405, 0.00248012, 0.7743859]",True,42.7436,"{""status"": ""ok""}",
50-029,2026-10-05T09:01:00.998053+00:00,0.5,1,0,[0.63459311],True,2.6846,"{""status"": ""ok""}",
50-030,2026-10-05T09:01:01.001085+00:00,0.5,3,2,"[0.35751114, 0.27162379, 0.52209687]",True,48.4688,"{""status"": ""ok""}",
50-031,2026-10-05T09:01:01.050084+00:00,0.5,3,2,"[0.16153357, 0.37778455, 0.60627848]",True,41.772,"{""status"": ""ok""}",
50-032,2026-10-05T09:01:01.092078+00:00,0.5,3,2,"[0.12902611, 0.17063622, 0.95792023]",True,47.9422,"{""status"": ""ok""}",
50-033,2026-10-05T09:01:01.140091+00:00,0.5,1,0,[0.9566256],True,1.4651,"{""status"": ""ok""}",
50-034,2026-10-05T09:01:01.141604+00:00,0.5,2,1,"[0.1353607, 0.55262424]",True,25.0598,"{""status"": ""ok""}",
50-035,2026-10-05T09:01:01.166624+00:00,0.5,1,0,[0.594059],True,1.3045,"{""status"": ""ok""}",
50-036,2026-10-05T09:01:01.168169+00:00,0.5,1,0,[0.74381823],True,2.5066,"{""status"": ""ok""}",
50-037,2026-10-05T09:01:01.170183+00:00,0.5,1,0,[0.57438386],True,1.4022,"{""status"": ""ok""}",
50-038,2026-10-05T09:01:01.172181+00:00,0.5,2,1,"[0.19115038, 0.75049746]",True,14.4861,"{""status"": ""ok""}",
50-039,2026-10-05T09:01:01.186717+00:00,0.5,2,1,"[0.11661769, 0.62146969]",True,14.6836,"{""status"": ""ok""}",
50-040,2026-10-05T09:01:01.200831+00:00,0.5,2,1,"[0.4581459, 0.70487732]",True,16.8544,"{""status"": ""ok""}",
50-041,2026-10-05T09:01:01.217921+00:00,0.5,3,3,"[0.1495747, 0.13618689, 0.47115498]",False,38.6276,null,transient fault injected
50-042,2026-10-05T09:01:01.256992+00:00,0.5,3,3,"[0.15334781, 0.38286452, 0.25951147]",False,42.6626,null,transient fault injected
50-043,2026-10-05T09:01:01.299581+00:00,0.5,2,1,"[0.07583067, 0.68524445]",True,24.7898,"{""status"": ""ok""}",
50-044,2026-10-05T09:01:01.324106+00:00,0.5,1,0,[0.78788769],True,6.5138,"{""status"": ""ok""}",
50-045,2026-10-05T09:01:01.331107+00:00,0.5,2,1,"[0.20694691, 0.62193441]",True,18.0132,"{""status"": ""ok""}",
50-046,2026-10-05T09:01:01.349121+00:00,0.5,2,1,"[0.12503966, 0.83198834]",True,18.4532,"{""status"": ""ok""}",
50-047,2026-10-05T09:01:01.368107+00:00,0.5,3,3,"[0.25869895, 0.33851942, 0.29402366]",False,46.8935,null,transient fault injected
50-048,2026-10-05T09:01:01.415162+00:00,0.5,1,0,[0.80538749],True,2.0829,"{""status"": ""ok""}",
50-049,2026-10-05T09:01:01.417182+00:00,0.5,1,0,[0.95362832],True,1.7914,"{""status"": ""ok""}",
50-050,2026-10-05T09:01:01.418652+00:00,0.5,1,0,[0.72040956],True,1.4356,"{""status"": ""ok""}",
