timestamp,max_turns,turn_count,approved,outcome,latency_ms,planner_proposal,reviewer_feedback,run
2026-09-14T02:19:31.936178,10,1,True,Valid first attempt,45362.02,"{""tags"": [""KitchenCheck"", ""FoodSafety"", ""SanitationCheck""], ""summary"": ""Restaurant inspection checks kitchen conditions, food safety practices, and sanitation.""}","{""approved"": true, ""issues"": []}",1
2026-09-14T02:19:49.842826,10,1,True,Valid first attempt,17891.09,"{""tags"": [""KitchenCheck"", ""FoodSafety"", ""SanitationCheck""], ""summary"": ""Local restaurant inspection checks kitchen conditions, food safety practices, and sanitation.""}","{""approved"": true, ""issues"": []}",2
2026-09-14T02:20:07.437244,10,1,True,Valid first attempt,17592.4,"{""tags"": [""KitchenCheck"", ""FoodSafety"", ""SanitationCheck""], ""summary"": ""Local restaurant inspection checks kitchen conditions, food safety practices, and sanitation.""}","{""approved"": true, ""issues"": []}",3
2026-09-14T02:20:25.043113,10,1,True,Valid first attempt,17594.07,"{""tags"": [""KitchenCheck"", ""FoodSafety"", ""SanitationCheck""], ""summary"": ""Local restaurant inspection checks kitchen conditions, food safety practices, and sanitation.""}","{""approved"": true, ""issues"": []}",4
2026-09-14T02:20:42.479824,10,1,True,Valid first attempt,17426.89,"{""tags"": [""KitchenCheck"", ""FoodSafety"", ""SanitationCheck""], ""summary"": ""Local restaurant inspection checks kitchen conditions, food safety practices, and sanitation.""}","{""approved"": true, ""issues"": []}",5
2026-09-14T02:20:59.922348,10,1,True,Valid first attempt,17435.85,"{""tags"": [""KitchenCheck"", ""FoodSafety"", ""SanitationCheck""], ""summary"": ""Local restaurant inspection checks kitchen conditions, food safety practices, and sanitation.""}","{""approved"": true, ""issues"": []}",6
2026-09-14T02:21:17.865450,10,1,True,Valid first attempt,17936.02,"{""tags"": [""KitchenCheck"", ""FoodSafety"", ""SanitationCheck""], ""summary"": ""Local restaurant inspection checks kitchen conditions, food safety practices, and sanitation.""}","{""approved"": true, ""issues"": []}",7
2026-09-14T02:21:35.639977,10,1,True,Valid first attempt,17767.72,"{""tags"": [""KitchenCheck"", ""FoodSafety"", ""SanitationCheck""], ""summary"": ""Local restaurant inspection checks kitchen conditions, food safety practices, and sanitation.""}","{""approved"": true, ""issues"": []}",8
2026-09-14T02:21:53.078290,10,1,True,Valid first attempt,17429.06,"{""tags"": [""KitchenCheck"", ""FoodSafety"", ""SanitationCheck""], ""summary"": ""Local restaurant inspection checks kitchen conditions, food safety practices, and sanitation.""}","{""approved"": true, ""issues"": []}",9
2026-09-14T02:22:10.516247,10,1,True,Valid first attempt,17430.65,"{""tags"": [""KitchenCheck"", ""FoodSafety"", ""SanitationCheck""], ""summary"": ""Local restaurant inspection checks kitchen conditions, food safety practices, and sanitation.""}","{""approved"": true, ""issues"": []}",10
2026-09-14T02:22:27.957406,10,1,True,Valid first attempt,17428.72,"{""tags"": [""KitchenCheck"", ""FoodSafety"", ""SanitationCheck""], ""summary"": ""Local restaurant inspection checks kitchen conditions, food safety practices, and sanitation.""}","{""approved"": true, ""issues"": []}",11
2026-09-14T02:22:45.393139,10,1,True,Valid first attempt,17427.24,"{""tags"": [""KitchenCheck"", ""FoodSafety"", ""SanitationCheck""], ""summary"": ""Local restaurant inspection checks kitchen conditions, food safety practices, and sanitation.""}","{""approved"": true, ""issues"": []}",12
2026-09-14T02:23:03.013218,10,1,True,Valid first attempt,17614.39,"{""tags"": [""KitchenCheck"", ""FoodSafety"", ""SanitationCheck""], ""summary"": ""Local restaurant inspection checks kitchen conditions, food safety practices, and sanitation.""}","{""approved"": true, ""issues"": []}",13
2026-09-14T02:23:20.771647,10,1,True,Valid first attempt,17749.03,"{""tags"": [""KitchenCheck"", ""FoodSafety"", ""SanitationCheck""], ""summary"": ""Local restaurant inspection checks kitchen conditions, food safety practices, and sanitation.""}","{""approved"": true, ""issues"": []}",14
2026-09-14T02:23:38.376704,10,1,True,Valid first attempt,17597.63,"{""tags"": [""KitchenCheck"", ""FoodSafety"", ""SanitationCheck""], ""summary"": ""Local restaurant inspection checks kitchen conditions, food safety practices, and sanitation.""}","{""approved"": true, ""issues"": []}",15
2026-09-14T02:23:55.653561,10,1,True,Valid first attempt,17271.89,"{""tags"": [""KitchenCheck"", ""FoodSafety"", ""SanitationCheck""], ""summary"": ""Local restaurant inspection checks kitchen conditions, food safety practices, and sanitation.""}","{""approved"": true, ""issues"": []}",16
2026-09-14T02:24:12.919973,10,1,True,Valid first attempt,17260.6,"{""tags"": [""KitchenCheck"", ""FoodSafety"", ""SanitationCheck""], ""summary"": ""Local restaurant inspection checks kitchen conditions, food safety practices, and sanitation.""}","{""approved"": true, ""issues"": []}",17
2026-09-14T02:24:30.190527,10,1,True,Valid first attempt,17259.87,"{""tags"": [""KitchenCheck"", ""FoodSafety"", ""SanitationCheck""], ""summary"": ""Local restaurant inspection checks kitchen conditions, food safety practices, and sanitation.""}","{""approved"": true, ""issues"": []}",18
2026-09-14T02:24:47.460693,10,1,True,Valid first attempt,17263.6,"{""tags"": [""KitchenCheck"", ""FoodSafety"", ""SanitationCheck""], ""summary"": ""Local restaurant inspection checks kitchen conditions, food safety practices, and sanitation.""}","{""approved"": true, ""issues"": []}",19
2026-09-14T02:25:05.070264,10,1,True,Valid first attempt,17602.59,"{""tags"": [""KitchenCheck"", ""FoodSafety"", ""SanitationCheck""], ""summary"": ""Local restaurant inspection checks kitchen conditions, food safety practices, and sanitation.""}","{""approved"": true, ""issues"": []}",20
2026-09-14T02:25:22.676102,10,1,True,Valid first attempt,17597.2,"{""tags"": [""KitchenCheck"", ""FoodSafety"", ""SanitationCheck""], ""summary"": ""Local restaurant inspection checks kitchen conditions, food safety practices, and sanitation.""}","{""approved"": true, ""issues"": []}",21
2026-09-14T02:25:39.941080,10,1,True,Valid first attempt,17256.95,"{""tags"": [""KitchenCheck"", ""FoodSafety"", ""SanitationCheck""], ""summary"": ""Local restaurant inspection checks kitchen conditions, food safety practices, and sanitation.""}","{""approved"": true, ""issues"": []}",22
2026-09-14T02:25:57.395447,10,1,True,Valid first attempt,17445.7,"{""tags"": [""KitchenCheck"", ""FoodSafety"", ""SanitationCheck""], ""summary"": ""Local restaurant inspection checks kitchen conditions, food safety practices, and sanitation.""}","{""approved"": true, ""issues"": []}",23
2026-09-14T02:26:14.658792,10,1,True,Valid first attempt,17254.56,"{""tags"": [""KitchenCheck"", ""FoodSafety"", ""SanitationCheck""], ""summary"": ""Local restaurant inspection checks kitchen conditions, food safety practices, and sanitation.""}","{""approved"": true, ""issues"": []}",24
2026-09-14T02:26:31.926322,10,1,True,Valid first attempt,17261.43,"{""tags"": [""KitchenCheck"", ""FoodSafety"", ""SanitationCheck""], ""summary"": ""Local restaurant inspection checks kitchen conditions, food safety practices, and sanitation.""}","{""approved"": true, ""issues"": []}",25
2026-09-14T02:26:49.367350,10,1,True,Valid first attempt,17434.75,"{""tags"": [""KitchenCheck"", ""FoodSafety"", ""SanitationCheck""], ""summary"": ""Local restaurant inspection checks kitchen conditions, food safety practices, and sanitation.""}","{""approved"": true, ""issues"": []}",26
2026-09-14T02:27:06.626941,10,1,True,Valid first attempt,17256.7,"{""tags"": [""KitchenCheck"", ""FoodSafety"", ""SanitationCheck""], ""summary"": ""Local restaurant inspection checks kitchen conditions, food safety practices, and sanitation.""}","{""approved"": true, ""issues"": []}",27
2026-09-14T02:27:24.237055,10,1,True,Valid first attempt,17600.72,"{""tags"": [""KitchenCheck"", ""FoodSafety"", ""SanitationCheck""], ""summary"": ""Local restaurant inspection checks kitchen conditions, food safety practices, and sanitation.""}","{""approved"": true, ""issues"": []}",28
2026-09-14T02:27:42.194773,10,1,True,Valid first attempt,17943.56,"{""tags"": [""KitchenCheck"", ""FoodSafety"", ""SanitationCheck""], ""summary"": ""Local restaurant inspection checks kitchen conditions, food safety practices, and sanitation.""}","{""approved"": true, ""issues"": []}",29
2026-09-14T02:27:59.465054,10,1,True,Valid first attempt,17263.29,"{""tags"": [""KitchenCheck"", ""FoodSafety"", ""SanitationCheck""], ""summary"": ""Local restaurant inspection checks kitchen conditions, food safety practices, and sanitation.""}","{""approved"": true, ""issues"": []}",30
